maxPrice,essence,diesel,hybrid,elec,manual,auto,id
59000,f,t,f,f,t,f,1382
21000,f,t,f,f,t,f,1383
-1,f,f,f,f,f,f,1384
21000,f,t,f,f,t,f,1385
-1,f,f,f,f,f,f,1386
59000,f,t,f,f,t,f,1388
-1,f,f,f,f,f,f,1389
22000,f,t,f,f,t,f,1387
21000,f,t,f,f,t,f,1391
21000,f,t,f,f,t,f,1390
22000,f,t,f,f,f,t,1392
22000,f,t,f,f,t,f,1393
23000,f,t,f,f,t,f,1394
59000,f,t,f,f,t,f,1396
21000,f,t,f,f,t,f,1398
21000,f,t,f,f,t,f,1395
21000,f,t,f,f,t,f,1397
20000,f,t,f,f,t,f,1399
22000,f,t,f,f,t,f,1400
21000,f,t,f,f,t,f,1401
22000,f,t,f,f,t,f,1402
21000,f,t,f,f,t,f,1403
21000,f,t,f,f,t,f,1404
21000,f,t,f,f,t,f,1405
21000,f,t,f,f,t,f,1406
24000,t,t,f,f,t,f,1407
21000,f,t,f,f,t,f,1408
20000,f,t,f,f,t,f,1410
22000,f,t,f,f,t,f,1411
21000,f,t,f,f,t,f,1409
37000,f,t,f,f,t,f,1413
37000,f,t,f,f,t,f,1414
21000,f,t,f,f,t,f,1415
21000,f,t,f,f,t,f,1416
45000,f,t,f,f,t,f,1417
22000,f,t,f,f,t,f,1412
29000,f,f,f,f,f,f,1418
60000,f,t,f,f,t,f,1420
21000,f,t,f,f,t,f,1421
21000,f,t,f,f,t,f,1422
25000,f,t,f,f,t,f,1423
90000,f,t,f,f,t,f,1426
90000,f,t,f,f,t,f,1427
23000,f,t,f,f,t,f,1419
-1,f,t,f,f,t,f,1428
21000,f,t,f,f,t,f,1432
21000,f,t,f,f,t,f,1425
21000,f,t,f,f,t,f,1433
21000,f,t,f,f,t,f,1434
21000,t,f,f,f,t,f,1430
27000,f,t,t,t,t,t,1424
20000,f,t,f,f,t,f,1429
23000,t,t,f,f,t,f,1431
21000,f,t,f,f,t,f,1435
21000,f,t,f,f,t,f,1436
20000,f,t,f,f,t,f,1438
22000,f,t,f,f,t,f,1439
21000,t,t,t,t,t,f,1437
22000,f,t,f,f,t,f,1440
21000,f,t,f,f,t,f,1441
21000,f,t,f,f,t,f,1442
40000,f,t,f,f,t,f,1443
21000,f,t,f,f,t,f,1444
20000,f,t,f,f,t,f,1445
20000,f,t,f,f,t,f,1446
-1,f,f,f,f,f,f,1447
20000,f,t,f,f,t,f,1448
20000,f,t,f,f,t,f,1449
20000,f,t,f,f,t,f,1450
-1,f,t,f,f,t,f,1451
-1,f,t,f,f,t,f,1452
22000,f,t,f,f,t,f,1453
22000,f,t,f,f,t,f,1454
-1,t,t,t,t,t,t,1455
21000,f,t,f,f,t,f,1456
21000,f,t,f,f,t,f,1457
21000,f,t,f,f,t,f,1458
21000,f,t,f,f,t,f,1459
21000,f,t,f,f,t,f,1460
21000,f,t,f,f,t,f,1461
-1,f,f,f,f,f,f,1462
22000,f,t,f,f,t,f,1463
22000,f,t,f,f,t,f,1464
25000,f,t,f,f,t,f,1465
23000,t,t,f,f,t,f,1466
22000,t,t,f,f,t,f,1467
22000,t,t,f,f,t,f,1468
23000,f,t,f,f,t,f,1469
23000,f,t,f,f,t,f,1470
23000,f,t,f,f,t,f,1471
22000,f,t,f,f,t,f,1472
21000,f,t,f,f,t,f,1473
21000,f,t,f,f,t,f,1487
30000,f,t,f,f,t,f,1488
21000,f,t,f,f,t,f,1474
41000,f,t,f,f,t,f,1489
25000,t,t,f,f,t,f,1475
49000,f,t,f,f,t,f,1490
67000,f,t,f,f,t,f,1476
39000,f,t,f,f,f,t,1477
23000,f,t,f,f,t,f,1478
50000,f,t,f,f,t,f,1479
22000,f,t,f,f,t,f,1480
24000,f,t,f,f,t,f,1481
21000,f,t,f,f,t,f,1482
21000,f,t,f,f,t,f,1483
24000,f,t,f,f,t,f,1484
59000,f,t,f,f,t,f,1485
24000,f,t,f,f,t,f,1486
62000,f,t,f,f,t,f,1491
83000,f,t,f,f,t,f,1492
93000,f,t,f,f,t,f,1493
97000,f,t,f,f,t,f,1494
95000,f,t,f,f,t,f,1495
-1,f,t,f,f,t,f,1496
-1,f,t,f,f,t,f,1497
-1,t,t,f,f,t,f,1498
-1,t,t,f,f,t,f,1499
89000,t,t,f,f,t,f,1500
62000,f,f,t,f,t,f,1501
-1,t,f,f,f,t,f,1502
-1,t,f,f,f,t,f,1503
-1,f,t,f,f,t,f,1504
-1,f,f,f,f,f,f,1505
-1,f,t,f,f,t,t,1506
21000,f,t,f,f,t,f,1510
22000,f,t,f,f,t,f,1511
-1,f,t,f,f,t,f,1516
25000,f,t,f,f,t,f,1538
-1,t,f,f,f,f,f,1540
25000,t,t,f,f,t,f,1542
-1,t,t,f,f,t,f,1507
-1,f,t,f,f,t,f,1508
-1,f,t,f,f,t,f,1518
-1,f,t,f,f,t,f,1521
-1,f,t,f,f,t,f,1528
-1,f,t,f,f,t,f,1532
22000,f,t,f,f,t,f,1539
-1,f,t,f,f,t,t,1509
21000,f,t,f,f,t,f,1512
36000,f,t,f,f,t,f,1514
44000,f,t,f,f,t,f,1517
22000,t,f,f,f,t,f,1522
-1,f,t,f,f,t,t,1526
-1,f,t,f,f,t,f,1531
-1,f,t,f,f,t,f,1533
-1,f,t,f,f,t,f,1536
29000,t,t,f,f,t,f,1513
-1,f,t,f,f,t,f,1515
43000,f,t,f,f,t,f,1519
23000,f,t,f,f,t,f,1524
22000,f,t,f,f,t,f,1529
-1,f,t,f,f,t,f,1534
-1,f,t,f,f,t,f,1520
23000,f,t,f,f,t,f,1523
-1,f,t,f,f,t,f,1525
-1,f,t,f,f,t,f,1527
22000,f,t,f,f,t,f,1530
-1,f,t,f,f,t,f,1535
-1,f,t,f,f,t,f,1537
22000,f,t,f,f,t,f,1563
-1,t,f,t,f,t,t,1541
22000,t,t,f,f,t,f,1543
22000,f,t,f,f,t,f,1564
21000,f,t,f,f,t,f,1544
22000,f,t,f,f,t,f,1545
24000,f,t,f,f,t,f,1546
24000,t,t,f,f,t,f,1547
21000,f,t,f,f,t,f,1565
24000,f,t,f,f,t,f,1548
24000,t,f,f,f,t,f,1549
21000,t,t,f,f,t,f,1550
22000,f,t,f,f,t,f,1566
22000,t,t,f,f,t,f,1567
22000,f,t,f,f,t,f,1551
22000,t,f,f,f,t,f,1552
22000,t,t,f,f,t,f,1553
24000,f,t,f,f,t,f,1554
19000,f,t,f,f,t,f,1555
-1,f,t,f,f,t,f,1569
21000,f,t,f,f,t,f,1556
21000,f,t,f,f,t,f,1557
23000,f,t,f,f,t,f,1558
-1,t,t,f,f,t,f,1559
21000,f,t,f,f,t,f,1560
20000,f,t,f,f,t,f,1561
22000,t,f,f,f,t,f,1562
21000,f,t,f,f,t,f,1568
-1,f,t,f,f,t,f,1570
-1,f,f,t,f,f,f,1571
21000,f,t,f,f,t,f,1572
-1,f,f,f,t,f,f,1573
22000,t,f,f,f,t,f,1574
21000,f,t,f,f,t,f,1575
22000,f,t,f,f,t,f,1576
24000,f,t,f,f,t,f,1577
-1,f,t,f,f,t,f,1583
21000,f,t,f,f,t,f,1578
-1,f,f,f,f,f,f,1580
-1,t,t,f,f,t,f,1584
22000,f,t,f,f,t,f,1579
22000,f,t,f,f,t,f,1581
22000,t,f,f,f,t,f,1582
21000,f,t,f,f,t,f,1585
25000,f,t,f,f,t,f,1586
21000,f,t,f,f,t,f,1587
21000,f,t,f,f,t,f,1588
21000,f,t,f,f,t,f,1589
-1,t,f,f,f,t,f,1590
24000,t,t,f,f,t,f,1591
0,f,f,f,f,f,f,1593
-1,f,t,f,f,t,f,1592
-1,f,t,f,f,t,f,1594
56000,f,t,f,f,t,f,1595
21000,f,t,f,f,t,f,1596
21000,f,t,f,f,t,f,1605
21000,f,t,f,f,t,f,1597
21000,f,t,f,f,t,f,1598
20000,f,t,f,f,t,f,1603
21000,f,t,f,f,t,f,1607
21000,f,t,f,f,f,t,1599
21000,f,t,f,f,t,f,1601
21000,f,t,f,f,t,f,1602
21000,f,t,f,f,t,f,1604
21000,f,t,f,f,t,f,1600
21000,f,t,f,f,t,f,1608
21000,f,t,f,f,t,f,1606
-1,f,f,f,f,f,f,1610
21000,f,t,f,f,t,f,1609
21000,f,t,f,f,t,f,1612
-1,f,f,f,f,f,f,1614
21000,f,t,f,f,t,f,1613
21000,f,t,f,f,t,f,1615
21000,f,t,f,f,t,f,1616
23000,f,t,f,f,t,f,1639
21000,t,f,f,f,t,f,1638
26000,f,t,f,f,t,f,1617
22000,f,t,f,f,t,f,1649
21000,f,t,f,f,t,f,1611
47000,t,t,t,t,t,t,1618
21000,f,t,f,f,t,f,1619
21000,f,t,f,f,t,f,1620
21000,f,t,f,f,t,f,1621
21000,f,t,f,f,t,f,1622
-1,f,f,f,f,f,f,1623
21000,f,t,f,f,t,f,1624
22000,f,t,f,f,t,f,1625
-1,f,t,f,f,t,f,1626
22000,t,t,f,f,t,f,1627
21000,f,t,f,f,t,f,1628
21000,f,t,f,f,t,f,1629
23000,f,t,f,f,t,f,1630
22000,t,t,f,f,t,f,1631
21000,f,t,f,f,t,f,1632
22000,f,t,f,f,t,f,1657
22000,t,t,f,f,t,f,1633
23000,f,f,f,f,t,f,1650
22000,f,t,f,f,t,f,1634
-1,f,f,f,f,f,f,1635
-1,f,f,f,f,f,f,1636
21000,f,t,f,f,t,f,1637
23000,f,t,f,f,t,f,1642
22000,t,t,f,f,t,f,1640
22000,f,t,f,f,t,f,1644
23000,t,f,f,f,t,f,1643
22000,f,t,f,f,t,f,1645
-1,f,t,f,f,t,f,1653
39000,t,t,t,t,t,t,1659
-1,f,t,f,f,f,f,1662
22000,f,t,f,f,t,f,1647
22000,f,t,f,f,t,f,1652
-1,f,f,f,f,f,f,1646
-1,f,t,f,f,t,f,1648
22000,f,f,f,f,f,f,1651
22000,f,t,f,f,t,f,1654
42000,t,t,t,t,t,f,1656
26000,f,f,f,f,t,f,1655
-1,f,f,f,f,f,f,1658
29000,t,t,t,t,t,t,1661
22000,f,t,f,f,t,f,1660
22000,f,t,f,f,t,f,1663
50000,t,t,f,f,t,f,1664
88000,t,t,f,f,t,f,1666
34000,t,t,f,f,t,f,1668
22000,f,t,f,f,t,f,1665
22000,f,t,f,f,t,f,1667
22000,f,t,f,f,t,f,1670
22000,f,f,f,f,t,f,1669
21000,t,f,f,f,t,f,1671
22000,f,t,f,f,t,f,1673
21000,f,t,f,f,t,f,1672
22000,f,t,f,f,t,f,1676
41000,f,t,f,f,t,f,1675
21000,f,f,f,f,t,f,1674
22000,f,t,f,f,t,f,1677
22000,f,t,f,f,t,f,1680
-1,f,f,f,f,f,f,1682
-1,f,f,f,f,f,f,1678
21000,f,f,f,f,t,f,1679
21000,f,t,f,f,t,f,1641
21000,f,t,f,f,t,f,1681
22000,f,t,f,f,t,f,1706
22000,f,t,f,f,t,f,1684
21000,f,t,f,f,t,f,1683
25000,t,f,f,f,t,f,1686
22000,f,t,f,f,f,f,1705
-1,f,t,f,f,t,f,1707
21000,f,t,f,f,t,f,1685
22000,f,t,f,f,t,f,1687
-1,f,t,f,f,t,f,1688
-1,f,t,f,f,t,f,1690
3000,f,t,f,f,t,f,1691
22000,f,t,f,f,t,f,1689
2000,f,t,f,f,t,f,1692
-1,f,f,f,f,f,f,1693
-1,t,t,f,f,t,f,1708
10000,f,f,f,f,f,f,1694
4000,f,t,f,f,t,f,1695
21000,f,f,f,f,t,f,1696
21000,f,t,f,f,t,f,1697
22000,f,t,f,f,t,f,1709
25000,f,t,f,f,t,f,1698
26000,f,t,f,f,t,f,1699
-1,f,f,f,f,f,f,1701
-1,f,f,f,f,f,f,1702
22000,f,t,f,f,t,f,1700
-1,f,t,f,f,t,f,1726
22000,f,t,f,f,t,f,1711
21000,f,t,f,f,t,f,1703
22000,f,t,f,f,t,f,1704
21000,f,f,f,f,f,t,1710
22000,f,f,f,f,f,f,1712
22000,f,t,f,f,t,f,1718
49000,t,f,f,f,t,f,1722
24000,f,t,f,f,f,t,1713
21000,f,t,f,f,t,f,1714
0,f,t,f,f,t,f,1715
22000,f,t,f,f,t,f,1723
21000,f,t,f,f,t,f,1728
22000,f,t,f,f,t,f,1719
20000,f,t,f,f,t,f,1729
24000,f,t,f,f,f,f,1717
21000,f,t,f,f,t,f,1730
-1,f,f,f,f,f,f,1720
21000,f,t,f,f,t,f,1721
21000,f,t,f,f,f,f,1725
21000,f,t,f,f,t,f,1732
22000,f,t,f,f,t,f,1724
21000,f,t,f,f,t,f,1727
21000,f,t,f,f,t,f,1716
21000,f,t,f,f,t,f,1731
20000,f,t,f,f,t,f,1733
21000,f,t,f,f,t,f,1734
23000,f,t,f,f,t,f,1735
21000,f,t,f,f,t,f,1736
27000,f,t,f,f,t,f,1738
-1,f,f,f,f,f,f,1744
37000,t,f,f,f,t,f,1739
35000,f,t,f,f,t,f,1740
16000,f,t,f,f,t,f,1737
29000,f,t,f,f,t,f,1741
22000,f,t,f,f,t,f,1742
21000,f,t,f,f,t,f,1743
21000,f,t,f,f,t,f,1747
21000,f,t,f,f,t,f,1745
41000,f,t,f,f,t,f,1746
22000,f,t,f,f,t,f,1748
23000,f,t,f,f,t,f,1749
29000,f,t,f,f,t,f,1750
31000,f,t,f,f,t,f,1751
21000,f,t,f,f,t,f,1776
21000,f,t,f,f,t,f,1777
23000,f,t,f,f,t,f,1778
23000,f,t,f,f,t,f,1779
22000,f,t,f,f,t,f,1752
-1,t,t,t,t,t,t,1753
21000,f,t,f,f,t,f,1780
21000,f,t,f,f,t,f,1754
-1,f,f,f,f,f,f,1755
21000,f,t,f,f,t,f,1781
24000,f,t,f,f,t,f,1782
21000,f,t,f,f,t,f,1756
16000,t,t,f,f,t,f,1757
21000,f,t,f,f,t,f,1758
21000,f,t,f,f,t,f,1759
25000,f,t,f,f,t,f,1783
22000,f,f,f,f,t,f,1760
22000,f,t,f,f,t,f,1784
21000,f,t,f,f,t,f,1765
26000,f,f,f,f,f,f,1761
-1,f,t,f,f,t,f,1762
21000,f,t,f,f,t,f,1763
21000,f,t,f,f,t,f,1785
22000,f,t,f,f,t,f,1786
26000,f,t,f,f,t,f,1766
0,f,t,f,f,t,f,1767
23000,f,t,f,f,t,f,1764
0,f,t,f,f,t,f,1768
21000,f,t,f,f,t,f,1769
21000,f,t,f,f,t,f,1770
25000,f,t,f,f,t,f,1787
21000,f,t,f,f,t,f,1771
26000,f,t,f,f,t,f,1788
21000,t,t,f,f,t,f,1772
22000,t,t,f,f,t,f,1773
24000,f,t,f,f,t,f,1789
27000,t,t,f,f,t,f,1790
24000,f,t,f,f,t,f,1791
21000,f,f,f,f,t,f,1774
28000,f,t,f,f,t,f,1792
26000,f,t,f,f,t,f,1793
28000,f,t,f,f,t,f,1794
21000,f,t,f,f,t,f,1796
23000,f,t,f,f,t,f,1797
24000,f,t,f,f,t,f,1795
23000,f,t,f,f,t,f,1798
23000,f,t,f,f,t,f,1799
-1,f,t,f,f,t,f,1801
-1,f,t,f,f,t,f,1802
21000,f,t,f,f,t,f,1800
-1,f,t,f,f,t,f,1803
21000,f,t,f,f,t,f,1804
21000,f,t,f,f,t,f,1805
21000,f,t,f,f,t,f,1807
28000,f,t,f,f,t,f,1808
21000,f,t,f,f,t,f,1806
21000,f,t,f,f,t,f,1809
21000,f,t,f,f,t,f,1814
21000,f,t,f,f,t,f,1820
21000,f,t,f,f,t,f,1822
-1,f,t,f,f,t,f,1825
-1,f,t,f,f,t,f,1826
21000,f,t,f,f,t,f,1810
21000,f,t,f,f,t,f,1811
21000,f,t,f,f,t,f,1818
-1,f,t,f,f,t,f,1827
21000,f,t,f,f,t,f,1830
21000,f,t,f,f,t,f,1834
21000,f,t,f,f,t,f,1821
0,f,t,f,f,t,f,1812
21000,f,t,f,f,t,f,1813
22000,f,t,f,f,t,f,1815
21000,f,t,f,f,t,f,1819
21000,f,t,f,f,t,f,1816
21000,f,t,f,f,t,f,1817
21000,f,t,f,f,t,f,1832
21000,f,t,f,f,t,f,1823
24000,f,t,f,f,t,f,1838
-1,f,t,f,f,t,f,1824
21000,f,t,f,f,t,f,1831
21000,f,t,f,f,t,f,1833
41000,f,t,f,f,t,f,1836
41000,f,t,f,f,t,f,1837
21000,f,t,f,f,t,f,1828
21000,f,t,f,f,t,f,1829
41000,f,t,f,f,t,f,1835
21000,f,t,f,f,t,f,1839
30000,f,t,f,f,t,f,1841
21000,f,t,f,f,t,f,1884
21000,f,t,f,f,t,f,1877
24000,f,t,f,f,t,f,1840
21000,f,t,f,f,t,f,1885
21000,f,t,f,f,t,f,1842
21000,f,t,f,f,t,f,1843
21000,f,t,f,f,t,f,1844
21000,f,t,f,f,t,f,1845
21000,f,t,f,f,t,f,1878
21000,f,t,f,f,t,f,1879
21000,f,t,f,f,t,f,1846
21000,f,t,f,f,t,f,1847
21000,f,t,f,f,t,f,1848
21000,f,t,f,f,t,f,1849
21000,f,t,f,f,t,f,1850
21000,f,t,f,f,t,f,1851
21000,f,t,f,f,t,f,1852
21000,f,t,f,f,t,f,1853
21000,f,t,f,f,t,f,1854
22000,f,t,f,f,t,f,1855
22000,f,t,f,f,t,f,1856
-1,f,t,f,f,t,f,1857
21000,f,t,f,f,t,f,1858
22000,f,t,f,f,t,f,1859
23000,f,t,f,f,t,f,1860
43000,f,t,f,f,t,f,1861
22000,f,t,f,f,t,f,1775
21000,f,t,f,f,t,f,1862
21000,f,t,f,f,t,f,1863
21000,f,t,f,f,t,f,1864
21000,f,t,f,f,t,f,1865
16000,f,t,f,f,t,f,1866
24000,f,t,f,f,t,f,1867
20000,f,t,f,f,f,t,1868
11000,f,t,f,f,t,f,1869
10000,f,t,f,f,t,f,1870
10000,f,t,f,f,t,f,1871
10000,f,t,f,f,t,f,1872
21000,f,t,f,f,t,f,1873
21000,f,t,f,f,t,f,1874
21000,f,t,f,f,t,f,1875
53000,t,f,f,f,t,f,1880
21000,f,t,f,f,t,f,1876
21000,f,t,f,f,t,f,1881
-1,t,t,t,t,t,t,1882
25000,f,t,f,f,t,f,1883
22000,f,t,f,f,t,f,1886
21000,f,t,f,f,t,f,1887
21000,f,t,f,f,t,f,1888
22000,f,t,f,f,t,f,1889
22000,f,t,f,f,t,f,1890
21000,f,t,f,f,t,f,1891
21000,f,t,f,f,t,f,1892
0,f,t,f,f,t,f,1893
0,f,t,f,f,t,f,1894
0,f,t,f,f,t,f,1895
0,f,t,f,f,t,f,1896
-1,f,t,f,f,t,f,1897
-1,t,t,f,f,t,t,1898
-1,f,t,f,f,t,f,1899
29000,f,t,f,f,t,f,1900
21000,f,t,f,f,t,f,1901
29000,f,f,f,f,f,f,1903
29000,f,f,f,f,f,f,1904
21000,f,t,f,f,t,f,1906
21000,f,t,f,f,t,f,1902
29000,f,f,f,f,f,f,1905
21000,f,t,f,f,t,f,1907
32000,f,t,f,f,t,f,1908
35000,f,t,f,f,t,f,1951
33000,f,t,f,f,t,f,1952
33000,f,t,f,f,t,f,1953
41000,f,t,f,f,t,f,1954
41000,f,t,f,f,t,f,1955
44000,f,t,f,f,t,f,1956
50000,f,t,f,f,t,f,1957
14000,f,t,f,f,t,f,1958
21000,f,t,f,f,t,f,1959
25000,f,t,f,f,t,f,1909
21000,f,t,f,f,t,f,1960
25000,f,t,f,f,t,f,1910
25000,f,t,f,f,t,f,1911
-1,f,f,f,f,f,f,1912
-1,f,f,f,f,f,f,1913
30000,f,t,f,f,t,f,1914
24000,f,t,f,f,t,f,1915
22000,f,t,f,f,t,f,1916
23000,f,t,f,f,f,t,1917
30000,f,t,f,f,t,f,1918
25000,f,t,f,f,f,t,1919
21000,f,t,f,f,t,f,1920
21000,f,t,f,f,t,f,1921
20000,f,t,f,f,t,f,1922
22000,f,t,f,f,t,f,1923
24000,f,t,f,f,t,f,1924
21000,f,t,f,f,t,f,1925
-1,f,f,f,f,f,f,1926
21000,f,t,f,f,t,f,1927
23000,f,t,f,f,t,f,1928
16000,f,t,f,f,t,f,1929
26000,f,t,f,f,t,f,1930
32000,f,t,f,f,t,f,1931
22000,f,t,f,f,t,f,1932
19000,f,t,f,f,t,f,1933
29000,f,t,f,f,t,f,1934
23000,f,t,f,f,t,f,1935
21000,f,t,f,f,t,f,1936
21000,f,t,f,f,t,f,1937
21000,f,t,f,f,t,f,1938
22000,f,t,f,f,t,f,1939
25000,f,t,f,f,t,f,1940
35000,f,t,f,f,t,f,1941
31000,f,t,f,f,t,f,1942
39000,f,t,f,f,t,f,1943
64000,f,t,f,f,t,f,1944
32000,f,t,f,f,t,f,1945
21000,f,t,f,f,t,f,1946
21000,f,t,f,f,t,f,1947
22000,f,t,f,f,t,f,1948
26000,f,t,f,f,t,f,1949
16000,f,t,f,f,t,f,1950
21000,f,t,f,f,t,f,1961
24000,f,t,f,f,t,f,1963
25000,f,t,f,f,t,f,1962
21000,f,t,f,f,t,f,1964
23000,f,t,f,f,t,f,1965
25000,f,t,f,f,t,f,1966
22000,f,t,f,f,t,f,1967
21000,f,t,f,f,t,f,1968
22000,f,t,f,f,t,f,1969
23000,f,t,f,f,t,f,1971
22000,f,t,f,f,t,f,1973
22000,f,t,f,f,t,f,1974
23000,f,t,f,f,t,f,1975
23000,f,t,f,f,t,f,1970
21000,f,t,f,f,t,f,1980
22000,f,t,f,f,t,f,1972
21000,f,t,f,f,t,f,1979
21000,f,t,f,f,t,f,1985
-1,t,t,t,t,t,f,1988
-1,t,t,t,t,t,f,1989
21000,f,t,f,f,t,f,1990
23000,f,t,f,f,t,f,1976
21000,f,t,f,f,t,f,1986
23000,f,t,f,f,t,f,1977
22000,f,t,f,f,t,f,1978
21000,f,t,f,f,t,f,1981
21000,f,t,f,f,t,f,1982
21000,f,t,f,f,t,f,1983
21000,f,t,f,f,t,f,1984
-1,t,t,t,t,t,f,1987
22000,f,t,f,f,t,f,1991
22000,f,t,f,f,t,f,1992
21000,f,t,f,f,t,f,1993
21000,f,t,f,f,t,f,1994
29000,f,t,f,f,t,f,1995
23000,f,t,f,f,t,f,1996
-1,f,t,f,f,t,f,1997
35000,f,t,f,f,t,f,1998
30000,f,t,f,f,t,f,1999
21000,f,t,f,f,t,f,2000
20000,f,t,f,f,t,f,2001
23000,f,t,f,f,t,f,2002
19000,f,t,f,f,t,f,2003
25000,f,t,f,f,t,f,2004
20000,f,t,f,f,t,f,2005
47000,f,t,f,f,f,t,2006
27000,t,f,f,t,f,t,2007
21000,f,t,f,f,t,f,2008
21000,f,t,f,f,t,f,2009
21000,f,t,f,f,t,f,2010
21000,f,t,f,f,t,f,2011
21000,f,t,f,f,t,f,2012
21000,f,t,f,f,t,f,2013
21000,f,t,f,f,t,f,2014
21000,f,t,f,f,t,f,2015
21000,f,t,f,f,t,f,2016
21000,f,t,f,f,t,f,2017
21000,f,f,f,f,f,f,2029
22000,t,t,f,f,t,f,2030
-1,f,f,f,f,f,f,2031
25000,f,t,f,f,t,f,2018
30000,f,t,f,f,t,f,2032
26000,f,t,f,f,t,f,2019
21000,f,t,f,f,t,f,2020
21000,f,t,f,f,t,f,2021
-1,f,f,f,f,f,f,2033
21000,f,t,f,t,t,f,2022
21000,f,t,f,f,t,f,2023
-1,f,f,f,f,f,f,2034
21000,f,t,f,f,t,f,2035
-1,f,t,f,f,t,f,2036
21000,f,f,t,f,t,f,2024
21000,f,t,f,f,t,f,2025
21000,f,t,f,f,t,f,2026
21000,f,t,f,f,t,f,2027
21000,f,t,f,f,t,f,2037
21000,f,t,f,f,t,f,2028
21000,f,t,f,f,t,f,2039
21000,f,t,f,f,f,f,2038
21000,f,t,f,f,t,f,2040
21000,f,t,f,f,t,f,2041
23000,f,t,f,f,t,f,2042
-1,f,f,f,f,f,f,2043
-1,f,f,f,f,f,f,2044
21000,f,t,f,f,t,f,2045
-1,f,f,f,f,f,f,2046
-1,f,f,f,f,f,f,2047
21000,f,t,f,f,f,f,2048
-1,f,f,f,f,f,f,2053
21000,f,t,f,f,t,f,2049
21000,f,t,f,f,f,f,2050
22000,f,t,f,f,t,f,2057
23000,f,t,f,f,t,f,2058
24000,f,t,f,f,t,f,2060
24000,f,t,f,f,t,f,2062
24000,f,t,f,f,t,f,2063
-1,f,f,f,f,f,f,2067
-1,f,t,f,f,t,f,2069
21000,f,f,f,f,f,f,2051
22000,f,t,f,f,t,f,2052
-1,f,t,f,f,t,f,2054
-1,f,f,f,f,f,f,2055
22000,f,t,f,f,t,f,2066
21000,f,t,f,f,t,f,2070
-1,f,t,f,f,t,f,2056
22000,f,t,f,f,t,f,2059
30000,f,t,f,f,t,f,2065
21000,f,t,f,f,t,f,2068
25000,f,t,f,f,t,f,2061
23000,f,t,f,f,t,f,2064
-1,f,f,f,f,f,f,2072
-1,f,f,f,f,f,f,2071
-1,f,f,f,f,f,f,2073
-1,f,t,f,f,t,f,2074
0,f,t,f,f,t,f,2075
-1,f,t,f,f,t,f,2076
-1,f,t,f,f,t,f,2077
22000,f,t,f,f,t,f,2078
22000,f,t,f,f,t,f,2079
22000,f,t,f,f,t,f,2080
22000,f,t,f,f,t,f,2081
22000,f,t,f,f,t,f,2082
22000,f,t,f,f,t,f,2083
22000,f,t,f,f,t,f,2084
22000,f,t,f,f,t,f,2085
22000,f,t,f,f,t,f,2086
22000,f,t,f,f,t,f,2087
22000,f,t,f,f,t,f,2088
-1,f,f,f,f,f,f,2089
22000,f,t,f,f,t,f,2090
22000,f,t,f,f,t,f,2091
-1,f,f,f,f,f,f,2092
39000,t,t,f,f,t,f,2093
22000,f,t,f,f,t,f,2094
-1,f,f,f,f,f,f,2105
22000,f,t,f,f,t,f,2104
22000,f,t,f,f,t,f,2096
21000,f,t,f,f,t,f,2095
27000,f,t,f,f,t,f,2097
26000,f,t,f,f,t,f,2098
22000,f,t,f,f,t,f,2099
21000,f,t,f,f,t,f,2100
21000,f,f,f,f,f,f,2101
24000,f,t,f,f,t,f,2102
-1,f,f,f,f,f,f,2103
21000,f,t,f,f,f,f,2106
22000,f,t,f,f,t,f,2108
21000,f,t,f,f,t,f,2115
21000,f,t,f,f,f,f,2107
22000,f,t,f,f,t,f,2109
48000,f,t,f,f,t,f,2110
22000,f,t,f,f,t,f,2111
-1,f,f,f,f,f,f,2113
22000,f,t,f,f,t,f,2112
22000,f,t,f,f,t,f,2114
21000,f,t,f,f,t,f,2119
22000,f,t,f,f,t,f,2116
-1,f,f,f,f,f,f,2117
22000,f,t,f,f,t,f,2118
22000,f,t,f,f,t,f,2120
21000,f,t,f,f,t,f,2124
22000,f,t,f,f,t,f,2121
22000,f,t,f,f,t,f,2123
21000,f,t,f,f,t,f,2122
22000,f,t,f,f,t,f,2125
22000,f,t,f,f,f,f,2126
22000,f,t,f,f,t,f,2128
22000,f,t,f,f,t,f,2129
21000,f,t,f,f,t,f,2127
-1,f,f,f,f,f,f,2131
22000,f,t,f,f,t,f,2130
46000,t,t,f,f,t,f,2135
22000,f,t,f,f,t,f,2132
-1,f,f,f,f,f,f,2134
22000,f,t,f,f,t,f,2133
22000,f,t,f,f,t,f,2136
-1,f,f,f,f,f,f,2137
-1,f,t,f,f,t,f,2138
21000,f,t,f,f,t,f,2139
22000,f,t,f,f,t,f,2140
22000,f,t,f,f,t,f,2141
22000,f,t,f,f,t,f,2142
22000,f,t,f,f,t,f,2143
22000,f,t,f,f,t,f,2144
-1,f,f,f,f,f,f,2145
-1,f,f,f,f,f,f,2146
21000,f,t,f,f,f,f,2147
-1,f,t,f,f,f,f,2148
21000,f,t,f,f,t,f,2149
-1,f,f,f,f,f,f,2150
21000,f,t,f,f,t,f,2151
-1,f,t,f,f,t,f,2152
-1,f,t,f,f,t,f,2153
-1,f,t,f,f,t,f,2154
21000,f,t,f,f,t,f,2155
-1,f,t,f,f,t,f,2156
27000,f,t,f,f,t,f,2157
-1,f,f,f,f,f,f,2158
-1,f,f,f,f,f,f,2159
22000,f,t,f,f,t,f,2160
25000,f,t,f,f,t,f,2161
-1,f,f,f,f,f,f,2162
-1,f,f,f,f,f,f,2163
-1,f,f,f,f,f,f,2164
25000,f,t,f,f,t,f,2165
22000,f,t,f,f,t,f,2166
66000,f,t,f,f,t,f,2167
-1,f,t,f,f,t,f,2168
-1,f,t,f,f,t,f,2169
21000,f,t,f,f,t,f,2179
21000,f,t,f,f,t,f,2170
21000,f,t,f,f,t,f,2171
21000,f,t,f,f,t,f,2172
-1,f,f,f,f,f,f,2173
-1,f,f,f,f,f,f,2174
-1,f,t,f,f,t,f,2175
28000,f,t,f,f,t,f,2176
-1,f,f,f,f,f,f,2177
22000,f,t,f,f,t,f,2178
21000,f,f,f,f,f,f,2180
22000,f,t,f,f,t,f,2181
-1,f,f,f,f,f,f,2182
22000,f,t,f,f,t,f,2183
22000,f,t,f,f,t,f,2184
23000,f,t,f,f,t,f,2185
21000,f,t,f,f,t,f,2186
24000,f,t,f,f,t,f,2187
22000,f,t,f,f,t,f,2188
21000,f,t,f,f,t,f,2189
20000,f,t,f,f,t,f,2190
16000,f,t,f,f,t,f,2191
21000,f,t,f,f,t,f,2192
32000,f,t,f,f,t,f,2193
40000,f,t,f,f,t,f,2194
20000,f,t,f,f,t,f,2195
21000,f,t,f,f,t,f,2196
19000,f,t,f,f,t,f,2197
29000,f,t,f,f,t,f,2198
53000,f,t,f,f,t,f,2199
26000,f,t,f,f,t,f,2202
24000,f,t,f,f,t,f,2211
21000,f,t,f,f,t,f,2228
23000,t,f,f,f,f,t,2229
17000,t,f,f,f,t,f,2231
20000,f,t,f,f,t,f,2200
18000,f,t,f,f,t,f,2213
22000,f,t,f,f,t,f,2201
17000,f,t,f,f,t,f,2206
33000,f,t,f,f,t,f,2210
20000,f,t,f,f,t,f,2212
22000,f,t,f,f,t,f,2219
-1,f,f,f,f,f,f,2233
40000,f,t,f,f,t,f,2203
21000,f,t,f,f,t,f,2207
28000,t,t,f,f,t,f,2218
21000,f,t,f,f,t,f,2220
22000,f,t,f,f,t,f,2225
21000,f,t,f,f,t,f,2226
24000,f,t,f,f,t,f,2204
21000,f,t,f,f,t,f,2227
28000,f,t,f,f,t,f,2205
26000,f,t,f,f,t,f,2209
22000,f,t,f,f,t,f,2216
23000,f,t,f,f,t,f,2208
17000,t,f,f,f,t,f,2234
17000,t,f,f,f,t,f,2235
17000,t,f,f,f,t,f,2236
21000,f,t,f,f,t,f,2214
23000,f,t,f,f,t,f,2215
22000,f,t,f,f,t,f,2224
28000,t,f,f,f,f,t,2230
17000,t,f,f,f,t,f,2232
22000,f,t,f,f,t,f,2217
-1,f,f,f,f,f,f,2221
21000,f,t,f,f,t,f,2222
22000,f,t,f,f,t,f,2223
17000,t,f,f,f,t,f,2237
17000,t,f,f,f,t,f,2238